"CHR","SNP","BP","A1","TEST","NMISS","OR","STAT","P"
5,"rs10875598",142371351,"C","ADD",156,0.2745,-3.918,8.934e-05
7,"rs16881812",22499511,"A","ADD",156,0.1347,-3.903,9.482e-05
8,"rs6470763",130789828,"C","ADD",156,0.3003,-3.879,0.0001047
17,"rs12939599",8429523,"G","ADD",155,0.2974,-3.877,0.0001058
6,"rs9384673",97198974,"G","ADD",156,3.916,3.835,0.0001258
5,"rs13180871",155299831,"G","ADD",156,2.85,3.803,0.0001431
1,"rs6687797",220296043,"A","ADD",156,4.715,3.787,0.0001525
22,"rs2049989",24916795,"T","ADD",155,0.2762,-3.728,0.0001929
6,"rs12201014",22594643,"G","ADD",155,0.1455,-3.659,0.0002536
16,"rs7194855",48499935,"T","ADD",156,0.352,-3.593,0.0003274
11,"rs11036085",40785306,"G","ADD",156,0.2727,-3.583,0.0003393
4,"rs4320185",66066830,"C","ADD",156,3.449,3.572,0.0003545
2,"rs2113807",173492904,"G","ADD",156,0.3497,-3.519,0.000433
4,"rs1480975",34878718,"T","ADD",156,3.706,3.516,0.0004381
10,"rs11016945",131489483,"C","ADD",156,0.3603,-3.504,0.0004591
8,"rs307731",142257221,"T","ADD",156,0.3702,-3.464,0.0005319
4,"rs7684487",190927939,"T","ADD",155,0.3728,-3.439,0.000583
9,"rs10820743",106711480,"C","ADD",156,0.4029,-3.429,0.0006066
9,"rs1186021",100386578,"G","ADD",155,0.2077,-3.427,0.0006109
10,"rs6588747",125692716,"A","ADD",156,0.3886,-3.424,0.0006163
15,"rs1552101",98494760,"T","ADD",156,0.3668,-3.423,0.0006183
11,"rs17576821",106493482,"A","ADD",156,0.1195,-3.42,0.0006267
2,"rs2048957",144200251,"T","ADD",155,0.3671,-3.419,0.0006274
15,"rs16975043",93689273,"T","ADD",156,0.1157,-3.418,0.0006314
11,"rs1785899",118861892,"T","ADD",155,3.479,3.418,0.0006316
20,"rs6102795",40415756,"A","ADD",156,2.878,3.402,0.0006688
13,"rs1146908",75833297,"G","ADD",156,3.59,3.394,0.0006893
17,"rs1317267",69891293,"C","ADD",156,0.381,-3.394,0.0006898
8,"rs6988514",38923786,"C","ADD",156,0.09937,-3.391,0.0006951
4,"rs2728161",178085655,"T","ADD",156,0.3518,-3.38,0.0007261
13,"rs12865000",41150210,"G","ADD",155,0.2145,-3.375,0.0007393
2,"rs6718558",8121521,"A","ADD",155,0.4317,-3.361,0.0007766
20,"rs11700186",46211981,"G","ADD",156,3.105,3.358,0.0007838
12,"rs931480",98130680,"C","ADD",156,0.3389,-3.352,0.0008014
7,"rs722661",13878170,"C","ADD",156,2.593,3.35,0.0008089
21,"rs2823760",16672659,"C","ADD",156,3.233,3.346,0.0008203
12,"rs7133102",90979510,"A","ADD",156,0.3885,-3.344,0.0008245
8,"rs13269006",6454061,"A","ADD",156,2.983,3.324,0.0008866
22,"rs136026",44608383,"C","ADD",156,0.1929,-3.317,0.0009105
6,"rs3130287",32158522,"C","ADD",155,0.1559,-3.309,0.0009375
9,"rs10125351",113428128,"C","ADD",156,0.2966,-3.297,0.0009767
9,"rs10959176",10571485,"C","ADD",156,0.4065,-3.296,0.0009806
7,"rs10277258",21352545,"C","ADD",156,0.1931,-3.295,0.0009859
5,"rs11133619",10697023,"C","ADD",155,2.69,3.294,0.0009877
16,"rs4506930",75154359,"C","ADD",156,2.59,3.29,0.001002
1,"rs885092",160270470,"A","ADD",156,0.3543,-3.285,0.00102
10,"rs10765127",129220122,"G","ADD",156,0.3088,-3.275,0.001057
22,"rs2267617",42870021,"T","ADD",156,0.408,-3.24,0.001194
2,"rs880713",128848084,"G","ADD",156,0.4007,-3.238,0.001206
10,"rs17314600",109446307,"T","ADD",156,0.341,-3.237,0.001207
