"CHR","SNP","BP","A1","TEST","NMISS","BETA","STAT","P"
11,"rs3815045",61426522,"A","ADD",156,0.1047,7.163,3.297e-11
13,"rs4536348",80460925,"C","ADD",156,0.1229,6.993,8.309e-11
1,"rs1877724",224079978,"T","ADD",155,0.07922,6.692,4.186e-10
15,"rs11634005",68077814,"A","ADD",155,0.05111,6.355,2.403e-09
4,"rs2880416",156343993,"G","ADD",156,0.07699,6.316,2.889e-09
23,"rs17339016",33089091,"G","ADD",155,0.1349,6.295,3.31e-09
13,"rs3814258",112963486,"A","ADD",155,0.09079,6.262,3.854e-09
1,"rs2106096",157153832,"T","ADD",155,0.09874,6.23,4.534e-09
4,"rs17303264",156020079,"A","ADD",155,0.07332,6.203,5.203e-09
18,"rs4258695",29886646,"G","ADD",156,0.0993,6.187,5.57e-09
12,"rs7308149",76214682,"G","ADD",156,0.06266,6.16,6.36e-09
17,"rs2447095",2240170,"A","ADD",156,-0.05485,-6.125,7.597e-09
8,"rs7835212",16875423,"C","ADD",156,0.05262,6.119,7.825e-09
3,"rs12637343",15364820,"C","ADD",156,0.07475,6.094,8.899e-09
7,"rs2241056",20145390,"T","ADD",156,0.08509,6.079,9.571e-09
1,"rs3101468",242644181,"A","ADD",156,0.07429,6.065,1.028e-08
10,"rs1326644",24435153,"A","ADD",156,-0.04923,-6.043,1.146e-08
3,"rs28711160",178916822,"G","ADD",156,0.05097,6.012,1.338e-08
12,"rs2072136",111883302,"A","ADD",156,0.06414,5.942,1.891e-08
5,"rs749169",77196814,"C","ADD",156,-0.08421,-5.936,1.948e-08
7,"rs10261664",82551382,"G","ADD",156,0.06844,5.912,2.188e-08
21,"rs8131179",42955270,"T","ADD",156,-0.04505,-5.88,2.568e-08
8,"rs330085",9188647,"T","ADD",155,0.08406,5.863,2.82e-08
4,"rs4629446",19182614,"T","ADD",156,0.106,5.856,2.891e-08
15,"rs7165633",97854261,"T","ADD",156,0.06682,5.829,3.296e-08
1,"rs6427175",167314842,"G","ADD",155,0.07022,5.83,3.308e-08
12,"rs2182621",99321502,"A","ADD",156,0.1001,5.819,3.453e-08
17,"rs933577",50807334,"T","ADD",156,0.07486,5.802,3.749e-08
2,"rs4954599",136753856,"A","ADD",156,0.04733,5.797,3.843e-08
17,"rs2526354",55331440,"C","ADD",156,0.069,5.797,3.846e-08
2,"rs2922309",177188300,"G","ADD",156,0.07224,5.785,4.078e-08
3,"rs4894705",176468853,"T","ADD",156,0.05039,5.778,4.226e-08
4,"rs17754933",88306856,"G","ADD",156,0.08122,5.768,4.442e-08
13,"rs9568359",49404234,"T","ADD",155,0.08863,5.716,5.768e-08
16,"rs1543940",5539774,"T","ADD",156,0.0554,5.711,5.832e-08
12,"rs4964576",106313882,"A","ADD",156,0.08704,5.71,5.873e-08
10,"rs3895938",21607730,"A","ADD",156,0.05539,5.709,5.887e-08
15,"rs4360905",90224667,"C","ADD",156,0.04892,5.691,6.444e-08
6,"rs1247359",161260672,"C","ADD",155,0.05388,5.688,6.576e-08
17,"rs7501602",50774256,"T","ADD",156,-0.05678,-5.68,6.768e-08
21,"rs4818873",44193313,"G","ADD",155,-0.04563,-5.679,6.88e-08
16,"rs3853178",34455044,"A","ADD",156,0.07353,5.666,7.237e-08
4,"rs2711158",68327899,"G","ADD",156,-0.05902,-5.66,7.458e-08
12,"rs11051410",31404985,"G","ADD",156,0.07791,5.622,8.969e-08
15,"rs937421",60922863,"T","ADD",155,0.06547,5.607,9.715e-08
6,"rs6923669",151433966,"G","ADD",156,0.08915,5.603,9.79e-08
1,"rs4845328",151160979,"T","ADD",156,0.1126,5.597,1.01e-07
16,"rs936873",53705623,"C","ADD",156,-0.07988,-5.58,1.095e-07
11,"rs688086",59554044,"A","ADD",155,0.08396,5.574,1.137e-07
3,"rs2111278",180617328,"C","ADD",156,0.06971,5.568,1.16e-07
